timestamp,value,is_anomaly
2024-01-01 00:00:00,5,0
2024-01-01 00:05:00,5,0
2024-01-01 00:10:00,6,0
2024-01-01 00:15:00,8,0
2024-01-01 00:20:00,6,0
2024-01-01 00:25:00,7,0
2024-01-01 00:30:00,9,0
2024-01-01 00:35:00,9,0
2024-01-01 00:40:00,8,0
2024-01-01 00:45:00,10,0
2024-01-01 00:50:00,9,0
2024-01-01 00:55:00,10,0
2024-01-01 01:00:00,11,0
2024-01-01 01:05:00,10,0
2024-01-01 01:10:00,10,0
2024-01-01 01:15:00,12,0
2024-01-01 01:20:00,12,0
2024-01-01 01:25:00,14,0
2024-01-01 01:30:00,13,0
2024-01-01 01:35:00,13,0
2024-01-01 01:40:00,17,0
2024-01-01 01:45:00,16,0
2024-01-01 01:50:00,16,0
2024-01-01 01:55:00,15,0
2024-01-01 02:00:00,17,0
2024-01-01 02:05:00,18,0
2024-01-01 02:10:00,17,0
2024-01-01 02:15:00,19,0
2024-01-01 02:20:00,19,0
2024-01-01 02:25:00,20,0
2024-01-01 02:30:00,20,0
2024-01-01 02:35:00,23,0
2024-01-01 02:40:00,22,0
2024-01-01 02:45:00,21,0
2024-01-01 02:50:00,23,0
2024-01-01 02:55:00,22,0
2024-01-01 03:00:00,24,0
2024-01-01 03:05:00,22,0
2024-01-01 03:10:00,23,0
2024-01-01 03:15:00,25,0
2024-01-01 03:20:00,26,0
2024-01-01 03:25:00,26,0
2024-01-01 03:30:00,26,0
2024-01-01 03:35:00,27,0
2024-01-01 03:40:00,26,0
2024-01-01 03:45:00,27,0
2024-01-01 03:50:00,28,0
2024-01-01 03:55:00,30,0
2024-01-01 04:00:00,30,0
2024-01-01 04:05:00,28,0
2024-01-01 04:10:00,41,1
2024-01-01 04:15:00,31,0
2024-01-01 04:20:00,31,0
2024-01-01 04:25:00,32,0
2024-01-01 04:30:00,33,0
2024-01-01 04:35:00,34,0
2024-01-01 04:40:00,32,0
2024-01-01 04:45:00,33,0
2024-01-01 04:50:00,34,0
2024-01-01 04:55:00,35,0
2024-01-01 05:00:00,34,0
2024-01-01 05:05:00,35,0
2024-01-01 05:10:00,35,0
2024-01-01 05:15:00,35,0
2024-01-01 05:20:00,37,0
2024-01-01 05:25:00,38,0
2024-01-01 05:30:00,37,0
2024-01-01 05:35:00,39,0
2024-01-01 05:40:00,39,0
2024-01-01 05:45:00,38,0
2024-01-01 05:50:00,39,0
2024-01-01 05:55:00,41,0
2024-01-01 06:00:00,40,0
2024-01-01 06:05:00,42,0
2024-01-01 06:10:00,38,0
2024-01-01 06:15:00,42,0
2024-01-01 06:20:00,41,0
2024-01-01 06:25:00,41,0
2024-01-01 06:30:00,42,0
2024-01-01 06:35:00,40,0
2024-01-01 06:40:00,43,0
2024-01-01 06:45:00,44,0
2024-01-01 06:50:00,45,0
2024-01-01 06:55:00,43,0
2024-01-01 07:00:00,43,0
2024-01-01 07:05:00,44,0
2024-01-01 07:10:00,46,0
2024-01-01 07:15:00,45,0
2024-01-01 07:20:00,45,0
2024-01-01 07:25:00,46,0
2024-01-01 07:30:00,46,0
2024-01-01 07:35:00,47,0
2024-01-01 07:40:00,46,0
2024-01-01 07:45:00,47,0
2024-01-01 07:50:00,47,0
2024-01-01 07:55:00,46,0
2024-01-01 08:00:00,48,0
2024-01-01 08:05:00,48,0
2024-01-01 08:10:00,48,0
2024-01-01 08:15:00,48,0
2024-01-01 08:20:00,37,1
2024-01-01 08:25:00,49,0
2024-01-01 08:30:00,49,0
2024-01-01 08:35:00,49,0
2024-01-01 08:40:00,50,0
2024-01-01 08:45:00,50,0
2024-01-01 08:50:00,52,0
2024-01-01 08:55:00,51,0
2024-01-01 09:00:00,51,0
2024-01-01 09:05:00,51,0
2024-01-01 09:10:00,49,0
2024-01-01 09:15:00,51,0
2024-01-01 09:20:00,52,0
2024-01-01 09:25:00,54,0
2024-01-01 09:30:00,52,0
2024-01-01 09:35:00,52,0
2024-01-01 09:40:00,52,0
2024-01-01 09:45:00,51,0
2024-01-01 09:50:00,54,0
2024-01-01 09:55:00,53,0
2024-01-01 10:00:00,54,0
2024-01-01 10:05:00,52,0
2024-01-01 10:10:00,54,0
2024-01-01 10:15:00,52,0
2024-01-01 10:20:00,54,0
2024-01-01 10:25:00,56,0
2024-01-01 10:30:00,53,0
2024-01-01 10:35:00,53,0
2024-01-01 10:40:00,54,0
2024-01-01 10:45:00,53,0
2024-01-01 10:50:00,52,0
2024-01-01 10:55:00,54,0
2024-01-01 11:00:00,53,0
2024-01-01 11:05:00,55,0
2024-01-01 11:10:00,53,0
2024-01-01 11:15:00,56,0
2024-01-01 11:20:00,54,0
2024-01-01 11:25:00,54,0
2024-01-01 11:30:00,55,0
2024-01-01 11:35:00,53,0
2024-01-01 11:40:00,55,0
2024-01-01 11:45:00,56,0
2024-01-01 11:50:00,53,0
2024-01-01 11:55:00,55,0
2024-01-01 12:00:00,55,0
2024-01-01 12:05:00,55,0
2024-01-01 12:10:00,53,0
2024-01-01 12:15:00,53,0
2024-01-01 12:20:00,55,0
2024-01-01 12:25:00,55,0
2024-01-01 12:30:00,65,1
2024-01-01 12:35:00,55,0
2024-01-01 12:40:00,54,0
2024-01-01 12:45:00,54,0
2024-01-01 12:50:00,54,0
2024-01-01 12:55:00,53,0
2024-01-01 13:00:00,56,0
2024-01-01 13:05:00,54,0
2024-01-01 13:10:00,53,0
2024-01-01 13:15:00,54,0
2024-01-01 13:20:00,53,0
2024-01-01 13:25:00,54,0
2024-01-01 13:30:00,55,0
2024-01-01 13:35:00,53,0
2024-01-01 13:40:00,54,0
2024-01-01 13:45:00,54,0
2024-01-01 13:50:00,54,0
2024-01-01 13:55:00,55,0
2024-01-01 14:00:00,53,0
2024-01-01 14:05:00,52,0
2024-01-01 14:10:00,52,0
2024-01-01 14:15:00,52,0
2024-01-01 14:20:00,52,0
2024-01-01 14:25:00,52,0
2024-01-01 14:30:00,52,0
2024-01-01 14:35:00,52,0
2024-01-01 14:40:00,51,0
2024-01-01 14:45:00,53,0
2024-01-01 14:50:00,51,0
2024-01-01 14:55:00,54,0
2024-01-01 15:00:00,51,0
2024-01-01 15:05:00,50,0
2024-01-01 15:10:00,49,0
2024-01-01 15:15:00,51,0
2024-01-01 15:20:00,50,0
2024-01-01 15:25:00,50,0
2024-01-01 15:30:00,50,0
2024-01-01 15:35:00,49,0
2024-01-01 15:40:00,48,0
2024-01-01 15:45:00,47,0
2024-01-01 15:50:00,48,0
2024-01-01 15:55:00,49,0
2024-01-01 16:00:00,48,0
2024-01-01 16:05:00,46,0
2024-01-01 16:10:00,47,0
2024-01-01 16:15:00,47,0
2024-01-01 16:20:00,46,0
2024-01-01 16:25:00,47,0
2024-01-01 16:30:00,46,0
2024-01-01 16:35:00,45,0
2024-01-01 16:40:00,36,1
2024-01-01 16:45:00,46,0
2024-01-01 16:50:00,46,0
2024-01-01 16:55:00,46,0
2024-01-01 17:00:00,43,0
2024-01-01 17:05:00,43,0
2024-01-01 17:10:00,44,0
2024-01-01 17:15:00,44,0
2024-01-01 17:20:00,43,0
2024-01-01 17:25:00,46,0
2024-01-01 17:30:00,43,0
2024-01-01 17:35:00,43,0
2024-01-01 17:40:00,42,0
2024-01-01 17:45:00,42,0
2024-01-01 17:50:00,40,0
2024-01-01 17:55:00,41,0
2024-01-01 18:00:00,39,0
2024-01-01 18:05:00,39,0
2024-01-01 18:10:00,39,0
2024-01-01 18:15:00,39,0
2024-01-01 18:20:00,41,0
2024-01-01 18:25:00,36,0
2024-01-01 18:30:00,38,0
2024-01-01 18:35:00,35,0
2024-01-01 18:40:00,36,0
2024-01-01 18:45:00,37,0
2024-01-01 18:50:00,36,0
2024-01-01 18:55:00,34,0
2024-01-01 19:00:00,34,0
2024-01-01 19:05:00,35,0
2024-01-01 19:10:00,33,0
2024-01-01 19:15:00,34,0
2024-01-01 19:20:00,33,0
2024-01-01 19:25:00,32,0
2024-01-01 19:30:00,34,0
2024-01-01 19:35:00,32,0
2024-01-01 19:40:00,29,0
2024-01-01 19:45:00,31,0
2024-01-01 19:50:00,30,0
2024-01-01 19:55:00,31,0
2024-01-01 20:00:00,29,0
2024-01-01 20:05:00,29,0
2024-01-01 20:10:00,29,0
2024-01-01 20:15:00,29,0
2024-01-01 20:20:00,26,0
2024-01-01 20:25:00,27,0
2024-01-01 20:30:00,26,0
2024-01-01 20:35:00,25,0
2024-01-01 20:40:00,27,0
2024-01-01 20:45:00,26,0
2024-01-01 20:50:00,0,1
2024-01-01 20:55:00,0,1
2024-01-01 21:00:00,0,1
2024-01-01 21:05:00,0,1
2024-01-01 21:10:00,0,1
2024-01-01 21:15:00,0,1
2024-01-01 21:20:00,0,1
2024-01-01 21:25:00,0,1
2024-01-01 21:30:00,0,1
2024-01-01 21:35:00,0,1
2024-01-01 21:40:00,0,1
2024-01-01 21:45:00,0,1
2024-01-01 21:50:00,0,1
2024-01-01 21:55:00,0,1
2024-01-01 22:00:00,0,1
2024-01-01 22:05:00,0,1
2024-01-01 22:10:00,0,1
2024-01-01 22:15:00,0,1
2024-01-01 22:20:00,0,1
2024-01-01 22:25:00,0,1
2024-01-01 22:30:00,0,1
2024-01-01 22:35:00,0,1
2024-01-01 22:40:00,0,1
2024-01-01 22:45:00,0,1
2024-01-01 22:50:00,0,1
2024-01-01 22:55:00,0,1
2024-01-01 23:00:00,0,1
2024-01-01 23:05:00,0,1
2024-01-01 23:10:00,0,1
2024-01-01 23:15:00,0,1
2024-01-01 23:20:00,9,1
2024-01-01 23:25:00,9,0
2024-01-01 23:30:00,9,0
2024-01-01 23:35:00,6,0
2024-01-01 23:40:00,9,0
2024-01-01 23:45:00,4,0
2024-01-01 23:50:00,5,0
2024-01-01 23:55:00,6,0
2024-01-02 00:00:00,5,0
2024-01-02 00:05:00,4,0
2024-01-02 00:10:00,5,0
2024-01-02 00:15:00,6,0
2024-01-02 00:20:00,6,0
2024-01-02 00:25:00,8,0
2024-01-02 00:30:00,8,0
2024-01-02 00:35:00,8,0
2024-01-02 00:40:00,10,0
2024-01-02 00:45:00,10,0
2024-01-02 00:50:00,11,0
2024-01-02 00:55:00,11,0
2024-01-02 01:00:00,20,1
2024-01-02 01:05:00,11,0
2024-01-02 01:10:00,13,0
2024-01-02 01:15:00,13,0
2024-01-02 01:20:00,13,0
2024-01-02 01:25:00,14,0
2024-01-02 01:30:00,16,0
2024-01-02 01:35:00,14,0
2024-01-02 01:40:00,16,0
2024-01-02 01:45:00,16,0
2024-01-02 01:50:00,16,0
2024-01-02 01:55:00,18,0
2024-01-02 02:00:00,18,0
2024-01-02 02:05:00,19,0
2024-01-02 02:10:00,20,0
2024-01-02 02:15:00,19,0
2024-01-02 02:20:00,20,0
2024-01-02 02:25:00,20,0
2024-01-02 02:30:00,21,0
2024-01-02 02:35:00,21,0
2024-01-02 02:40:00,22,0
2024-01-02 02:45:00,23,0
2024-01-02 02:50:00,22,0
2024-01-02 02:55:00,25,0
2024-01-02 03:00:00,23,0
2024-01-02 03:05:00,23,0
2024-01-02 03:10:00,26,0
2024-01-02 03:15:00,26,0
2024-01-02 03:20:00,26,0
2024-01-02 03:25:00,27,0
2024-01-02 03:30:00,27,0
2024-01-02 03:35:00,26,0
2024-01-02 03:40:00,28,0
2024-01-02 03:45:00,27,0
2024-01-02 03:50:00,30,0
2024-01-02 03:55:00,29,0
2024-01-02 04:00:00,29,0
2024-01-02 04:05:00,30,0
2024-01-02 04:10:00,31,0
2024-01-02 04:15:00,30,0
2024-01-02 04:20:00,31,0
2024-01-02 04:25:00,32,0
2024-01-02 04:30:00,33,0
2024-01-02 04:35:00,32,0
2024-01-02 04:40:00,33,0
2024-01-02 04:45:00,34,0
2024-01-02 04:50:00,33,0
2024-01-02 04:55:00,33,0
2024-01-02 05:00:00,34,0
2024-01-02 05:05:00,35,0
2024-01-02 05:10:00,26,1
2024-01-02 05:15:00,38,0
2024-01-02 05:20:00,37,0
2024-01-02 05:25:00,37,0
2024-01-02 05:30:00,37,0
2024-01-02 05:35:00,37,0
2024-01-02 05:40:00,38,0
2024-01-02 05:45:00,38,0
2024-01-02 05:50:00,39,0
2024-01-02 05:55:00,39,0
2024-01-02 06:00:00,40,0
2024-01-02 06:05:00,42,0
2024-01-02 06:10:00,41,0
2024-01-02 06:15:00,41,0
2024-01-02 06:20:00,42,0
2024-01-02 06:25:00,41,0
2024-01-02 06:30:00,42,0
2024-01-02 06:35:00,42,0
2024-01-02 06:40:00,43,0
2024-01-02 06:45:00,42,0
2024-01-02 06:50:00,44,0
2024-01-02 06:55:00,44,0
2024-01-02 07:00:00,46,0
2024-01-02 07:05:00,45,0
2024-01-02 07:10:00,47,0
2024-01-02 07:15:00,44,0
2024-01-02 07:20:00,46,0
2024-01-02 07:25:00,46,0
2024-01-02 07:30:00,48,0
2024-01-02 07:35:00,46,0
2024-01-02 07:40:00,46,0
2024-01-02 07:45:00,46,0
2024-01-02 07:50:00,45,0
2024-01-02 07:55:00,47,0
2024-01-02 08:00:00,47,0
2024-01-02 08:05:00,48,0
2024-01-02 08:10:00,49,0
2024-01-02 08:15:00,50,0
2024-01-02 08:20:00,50,0
2024-01-02 08:25:00,49,0
2024-01-02 08:30:00,48,0
2024-01-02 08:35:00,50,0
2024-01-02 08:40:00,48,0
2024-01-02 08:45:00,52,0
2024-01-02 08:50:00,51,0
2024-01-02 08:55:00,50,0
2024-01-02 09:00:00,49,0
2024-01-02 09:05:00,52,0
2024-01-02 09:10:00,51,0
2024-01-02 09:15:00,53,0
2024-01-02 09:20:00,50,0
2024-01-02 09:25:00,51,0
2024-01-02 09:30:00,52,0
2024-01-02 09:35:00,52,0
2024-01-02 09:40:00,52,0
2024-01-02 09:45:00,53,0
2024-01-02 09:50:00,51,0
2024-01-02 09:55:00,53,0
2024-01-02 10:00:00,53,0
2024-01-02 10:05:00,53,0
2024-01-02 10:10:00,54,0
2024-01-02 10:15:00,52,0
2024-01-02 10:20:00,52,0
2024-01-02 10:25:00,55,0
2024-01-02 10:30:00,54,0
2024-01-02 10:35:00,53,0
2024-01-02 10:40:00,55,0
2024-01-02 10:45:00,54,0
2024-01-02 10:50:00,55,0
2024-01-02 10:55:00,54,0
2024-01-02 11:00:00,56,0
2024-01-02 11:05:00,56,0
2024-01-02 11:10:00,54,0
2024-01-02 11:15:00,55,0
2024-01-02 11:20:00,55,0
2024-01-02 11:25:00,56,0
2024-01-02 11:30:00,53,0
2024-01-02 11:35:00,55,0
2024-01-02 11:40:00,56,0
2024-01-02 11:45:00,53,0
2024-01-02 11:50:00,53,0
2024-01-02 11:55:00,52,0
2024-01-02 12:00:00,54,0
2024-01-02 12:05:00,55,0
2024-01-02 12:10:00,56,0
2024-01-02 12:15:00,55,0
2024-01-02 12:20:00,56,0
2024-01-02 12:25:00,53,0
2024-01-02 12:30:00,53,0
2024-01-02 12:35:00,54,0
2024-01-02 12:40:00,55,0
2024-01-02 12:45:00,54,0
2024-01-02 12:50:00,52,0
2024-01-02 12:55:00,54,0
2024-01-02 13:00:00,53,0
2024-01-02 13:05:00,55,0
2024-01-02 13:10:00,54,0
2024-01-02 13:15:00,53,0
2024-01-02 13:20:00,53,0
2024-01-02 13:25:00,53,0
2024-01-02 13:30:00,63,1
2024-01-02 13:35:00,54,0
2024-01-02 13:40:00,52,0
2024-01-02 13:45:00,54,0
2024-01-02 13:50:00,53,0
2024-01-02 13:55:00,52,0
2024-01-02 14:00:00,53,0
2024-01-02 14:05:00,52,0
2024-01-02 14:10:00,52,0
2024-01-02 14:15:00,51,0
2024-01-02 14:20:00,54,0
2024-01-02 14:25:00,52,0
2024-01-02 14:30:00,51,0
2024-01-02 14:35:00,52,0
2024-01-02 14:40:00,51,0
2024-01-02 14:45:00,51,0
2024-01-02 14:50:00,52,0
2024-01-02 14:55:00,52,0
2024-01-02 15:00:00,50,0
2024-01-02 15:05:00,50,0
2024-01-02 15:10:00,50,0
2024-01-02 15:15:00,48,0
2024-01-02 15:20:00,48,0
2024-01-02 15:25:00,51,0
2024-01-02 15:30:00,51,0
2024-01-02 15:35:00,49,0
2024-01-02 15:40:00,49,0
2024-01-02 15:45:00,49,0
2024-01-02 15:50:00,51,0
2024-01-02 15:55:00,49,0
2024-01-02 16:00:00,48,0
2024-01-02 16:05:00,47,0
2024-01-02 16:10:00,46,0
2024-01-02 16:15:00,47,0
2024-01-02 16:20:00,46,0
2024-01-02 16:25:00,45,0
2024-01-02 16:30:00,45,0
2024-01-02 16:35:00,45,0
2024-01-02 16:40:00,47,0
2024-01-02 16:45:00,46,0
2024-01-02 16:50:00,45,0
2024-01-02 16:55:00,46,0
2024-01-02 17:00:00,44,0
2024-01-02 17:05:00,43,0
2024-01-02 17:10:00,45,0
2024-01-02 17:15:00,44,0
2024-01-02 17:20:00,42,0
2024-01-02 17:25:00,42,0
2024-01-02 17:30:00,41,0
2024-01-02 17:35:00,40,0
2024-01-02 17:40:00,52,1
2024-01-02 17:45:00,43,0
2024-01-02 17:50:00,39,0
2024-01-02 17:55:00,41,0
2024-01-02 18:00:00,39,0
2024-01-02 18:05:00,39,0
2024-01-02 18:10:00,38,0
2024-01-02 18:15:00,38,0
2024-01-02 18:20:00,38,0
2024-01-02 18:25:00,37,0
2024-01-02 18:30:00,38,0
2024-01-02 18:35:00,37,0
2024-01-02 18:40:00,36,0
2024-01-02 18:45:00,35,0
2024-01-02 18:50:00,35,0
2024-01-02 18:55:00,36,0
2024-01-02 19:00:00,35,0
2024-01-02 19:05:00,34,0
2024-01-02 19:10:00,34,0
2024-01-02 19:15:00,34,0
2024-01-02 19:20:00,32,0
2024-01-02 19:25:00,33,0
2024-01-02 19:30:00,32,0
2024-01-02 19:35:00,32,0
2024-01-02 19:40:00,31,0
2024-01-02 19:45:00,29,0
2024-01-02 19:50:00,29,0
2024-01-02 19:55:00,30,0
2024-01-02 20:00:00,30,0
2024-01-02 20:05:00,28,0
2024-01-02 20:10:00,29,0
2024-01-02 20:15:00,26,0
2024-01-02 20:20:00,28,0
2024-01-02 20:25:00,26,0
2024-01-02 20:30:00,26,0
2024-01-02 20:35:00,26,0
2024-01-02 20:40:00,25,0
2024-01-02 20:45:00,25,0
2024-01-02 20:50:00,26,0
2024-01-02 20:55:00,24,0
2024-01-02 21:00:00,24,0
2024-01-02 21:05:00,22,0
2024-01-02 21:10:00,23,0
2024-01-02 21:15:00,24,0
2024-01-02 21:20:00,19,0
2024-01-02 21:25:00,20,0
2024-01-02 21:30:00,21,0
2024-01-02 21:35:00,20,0
2024-01-02 21:40:00,20,0
2024-01-02 21:45:00,18,0
2024-01-02 21:50:00,39,1
2024-01-02 21:55:00,38,1
2024-01-02 22:00:00,39,1
2024-01-02 22:05:00,37,1
2024-01-02 22:10:00,37,1
2024-01-02 22:15:00,35,1
2024-01-02 22:20:00,35,1
2024-01-02 22:25:00,34,1
2024-01-02 22:30:00,35,1
2024-01-02 22:35:00,33,1
2024-01-02 22:40:00,33,1
2024-01-02 22:45:00,35,1
2024-01-02 22:50:00,33,1
2024-01-02 22:55:00,31,1
2024-01-02 23:00:00,32,1
2024-01-02 23:05:00,30,1
2024-01-02 23:10:00,28,1
2024-01-02 23:15:00,28,1
2024-01-02 23:20:00,27,1
2024-01-02 23:25:00,28,1
2024-01-02 23:30:00,28,1
2024-01-02 23:35:00,29,1
2024-01-02 23:40:00,27,1
2024-01-02 23:45:00,26,1
2024-01-02 23:50:00,26,1
2024-01-02 23:55:00,23,1
2024-01-03 00:00:00,25,1
2024-01-03 00:05:00,26,1
2024-01-03 00:10:00,24,1
2024-01-03 00:15:00,27,1
2024-01-03 00:20:00,27,1
2024-01-03 00:25:00,27,1
2024-01-03 00:30:00,28,1
2024-01-03 00:35:00,31,1
2024-01-03 00:40:00,29,1
2024-01-03 00:45:00,30,1
2024-01-03 00:50:00,29,1
2024-01-03 00:55:00,30,1
2024-01-03 01:00:00,32,1
2024-01-03 01:05:00,31,1
2024-01-03 01:10:00,32,1
2024-01-03 01:15:00,32,1
2024-01-03 01:20:00,34,1
2024-01-03 01:25:00,34,1
2024-01-03 01:30:00,35,1
2024-01-03 01:35:00,34,1
2024-01-03 01:40:00,35,1
2024-01-03 01:45:00,35,1
2024-01-03 01:50:00,36,1
2024-01-03 01:55:00,37,1
2024-01-03 02:00:00,18,1
2024-01-03 02:05:00,17,0
2024-01-03 02:10:00,19,0
2024-01-03 02:15:00,20,0
2024-01-03 02:20:00,20,0
2024-01-03 02:25:00,22,0
2024-01-03 02:30:00,20,0
2024-01-03 02:35:00,20,0
2024-01-03 02:40:00,20,0
2024-01-03 02:45:00,24,0
2024-01-03 02:50:00,23,0
2024-01-03 02:55:00,23,0
2024-01-03 03:00:00,24,0
2024-01-03 03:05:00,23,0
2024-01-03 03:10:00,27,0
2024-01-03 03:15:00,25,0
2024-01-03 03:20:00,26,0
2024-01-03 03:25:00,27,0
2024-01-03 03:30:00,27,0
2024-01-03 03:35:00,27,0
2024-01-03 03:40:00,27,0
2024-01-03 03:45:00,29,0
2024-01-03 03:50:00,30,0
2024-01-03 03:55:00,30,0
2024-01-03 04:00:00,31,0
2024-01-03 04:05:00,29,0
2024-01-03 04:10:00,29,0
2024-01-03 04:15:00,31,0
2024-01-03 04:20:00,31,0
2024-01-03 04:25:00,33,0
2024-01-03 04:30:00,31,0
2024-01-03 04:35:00,34,0
2024-01-03 04:40:00,33,0
2024-01-03 04:45:00,33,0
2024-01-03 04:50:00,33,0
2024-01-03 04:55:00,33,0
2024-01-03 05:00:00,36,0
2024-01-03 05:05:00,35,0
2024-01-03 05:10:00,35,0
2024-01-03 05:15:00,35,0
2024-01-03 05:20:00,36,0
2024-01-03 05:25:00,39,0
2024-01-03 05:30:00,37,0
2024-01-03 05:35:00,36,0
2024-01-03 05:40:00,38,0
2024-01-03 05:45:00,38,0
2024-01-03 05:50:00,36,0
2024-01-03 05:55:00,39,0
2024-01-03 06:00:00,40,0
2024-01-03 06:05:00,41,0
2024-01-03 06:10:00,42,0
2024-01-03 06:15:00,42,0
2024-01-03 06:20:00,41,0
2024-01-03 06:25:00,41,0
2024-01-03 06:30:00,45,0
2024-01-03 06:35:00,43,0
2024-01-03 06:40:00,43,0
2024-01-03 06:45:00,43,0
2024-01-03 06:50:00,44,0
2024-01-03 06:55:00,44,0
2024-01-03 07:00:00,44,0
2024-01-03 07:05:00,44,0
2024-01-03 07:10:00,45,0
2024-01-03 07:15:00,45,0
2024-01-03 07:20:00,45,0
2024-01-03 07:25:00,46,0
2024-01-03 07:30:00,46,0
2024-01-03 07:35:00,48,0
2024-01-03 07:40:00,44,0
2024-01-03 07:45:00,48,0
2024-01-03 07:50:00,48,0
2024-01-03 07:55:00,45,0
2024-01-03 08:00:00,47,0
2024-01-03 08:05:00,48,0
2024-01-03 08:10:00,47,0
2024-01-03 08:15:00,48,0
2024-01-03 08:20:00,48,0
2024-01-03 08:25:00,51,0
2024-01-03 08:30:00,50,0
2024-01-03 08:35:00,51,0
2024-01-03 08:40:00,51,0
2024-01-03 08:45:00,49,0
2024-01-03 08:50:00,50,0
2024-01-03 08:55:00,51,0
2024-01-03 09:00:00,49,0
2024-01-03 09:05:00,52,0
2024-01-03 09:10:00,51,0
2024-01-03 09:15:00,51,0
2024-01-03 09:20:00,52,0
2024-01-03 09:25:00,52,0
2024-01-03 09:30:00,51,0
2024-01-03 09:35:00,53,0
2024-01-03 09:40:00,51,0
2024-01-03 09:45:00,53,0
2024-01-03 09:50:00,53,0
2024-01-03 09:55:00,52,0
2024-01-03 10:00:00,53,0
2024-01-03 10:05:00,52,0
2024-01-03 10:10:00,54,0
2024-01-03 10:15:00,53,0
2024-01-03 10:20:00,53,0
2024-01-03 10:25:00,54,0
2024-01-03 10:30:00,53,0
2024-01-03 10:35:00,52,0
2024-01-03 10:40:00,52,0
2024-01-03 10:45:00,54,0
2024-01-03 10:50:00,53,0
2024-01-03 10:55:00,56,0
2024-01-03 11:00:00,52,0
2024-01-03 11:05:00,56,0
2024-01-03 11:10:00,54,0
2024-01-03 11:15:00,54,0
2024-01-03 11:20:00,54,0
2024-01-03 11:25:00,55,0
2024-01-03 11:30:00,54,0
2024-01-03 11:35:00,56,0
2024-01-03 11:40:00,55,0
2024-01-03 11:45:00,55,0
2024-01-03 11:50:00,54,0
2024-01-03 11:55:00,54,0
2024-01-03 12:00:00,55,0
2024-01-03 12:05:00,53,0
2024-01-03 12:10:00,53,0
2024-01-03 12:15:00,55,0
2024-01-03 12:20:00,55,0
2024-01-03 12:25:00,54,0
2024-01-03 12:30:00,54,0
2024-01-03 12:35:00,55,0
2024-01-03 12:40:00,54,0
2024-01-03 12:45:00,53,0
2024-01-03 12:50:00,54,0
2024-01-03 12:55:00,53,0
2024-01-03 13:00:00,54,0
2024-01-03 13:05:00,52,0
2024-01-03 13:10:00,55,0
2024-01-03 13:15:00,54,0
2024-01-03 13:20:00,54,0
2024-01-03 13:25:00,55,0
2024-01-03 13:30:00,55,0
2024-01-03 13:35:00,54,0
2024-01-03 13:40:00,51,0
2024-01-03 13:45:00,52,0
2024-01-03 13:50:00,52,0
2024-01-03 13:55:00,53,0
2024-01-03 14:00:00,53,0
2024-01-03 14:05:00,52,0
2024-01-03 14:10:00,53,0
2024-01-03 14:15:00,52,0
2024-01-03 14:20:00,52,0
2024-01-03 14:25:00,51,0
2024-01-03 14:30:00,51,0
2024-01-03 14:35:00,50,0
2024-01-03 14:40:00,51,0
2024-01-03 14:45:00,52,0
2024-01-03 14:50:00,50,0
2024-01-03 14:55:00,54,0
2024-01-03 15:00:00,51,0
2024-01-03 15:05:00,51,0
2024-01-03 15:10:00,49,0
2024-01-03 15:15:00,51,0
2024-01-03 15:20:00,49,0
2024-01-03 15:25:00,50,0
2024-01-03 15:30:00,52,0
2024-01-03 15:35:00,49,0
2024-01-03 15:40:00,50,0
2024-01-03 15:45:00,48,0
2024-01-03 15:50:00,48,0
2024-01-03 15:55:00,50,0
2024-01-03 16:00:00,47,0
2024-01-03 16:05:00,49,0
2024-01-03 16:10:00,48,0
2024-01-03 16:15:00,46,0
2024-01-03 16:20:00,47,0
2024-01-03 16:25:00,47,0
2024-01-03 16:30:00,47,0
2024-01-03 16:35:00,44,0
2024-01-03 16:40:00,45,0
2024-01-03 16:45:00,45,0
2024-01-03 16:50:00,45,0
2024-01-03 16:55:00,45,0
2024-01-03 17:00:00,44,0
2024-01-03 17:05:00,42,0
2024-01-03 17:10:00,44,0
2024-01-03 17:15:00,44,0
2024-01-03 17:20:00,43,0
2024-01-03 17:25:00,44,0
2024-01-03 17:30:00,43,0
2024-01-03 17:35:00,42,0
2024-01-03 17:40:00,41,0
2024-01-03 17:45:00,39,0
2024-01-03 17:50:00,41,0
2024-01-03 17:55:00,40,0
2024-01-03 18:00:00,40,0
2024-01-03 18:05:00,38,0
2024-01-03 18:10:00,38,0
2024-01-03 18:15:00,40,0
2024-01-03 18:20:00,38,0
2024-01-03 18:25:00,39,0
2024-01-03 18:30:00,37,0
2024-01-03 18:35:00,37,0
2024-01-03 18:40:00,38,0
2024-01-03 18:45:00,36,0
2024-01-03 18:50:00,36,0
2024-01-03 18:55:00,35,0
2024-01-03 19:00:00,35,0
2024-01-03 19:05:00,34,0
2024-01-03 19:10:00,34,0
2024-01-03 19:15:00,33,0
2024-01-03 19:20:00,34,0
2024-01-03 19:25:00,32,0
2024-01-03 19:30:00,32,0
2024-01-03 19:35:00,31,0
2024-01-03 19:40:00,33,0
2024-01-03 19:45:00,31,0
2024-01-03 19:50:00,31,0
2024-01-03 19:55:00,28,0
2024-01-03 20:00:00,30,0
2024-01-03 20:05:00,30,0
2024-01-03 20:10:00,29,0
2024-01-03 20:15:00,29,0
2024-01-03 20:20:00,27,0
2024-01-03 20:25:00,29,0
2024-01-03 20:30:00,29,0
2024-01-03 20:35:00,26,0
2024-01-03 20:40:00,25,0
2024-01-03 20:45:00,27,0
2024-01-03 20:50:00,26,0
2024-01-03 20:55:00,24,0
2024-01-03 21:00:00,23,0
2024-01-03 21:05:00,23,0
2024-01-03 21:10:00,21,0
2024-01-03 21:15:00,21,0
2024-01-03 21:20:00,21,0
2024-01-03 21:25:00,20,0
2024-01-03 21:30:00,21,0
2024-01-03 21:35:00,20,0
2024-01-03 21:40:00,21,0
2024-01-03 21:45:00,18,0
2024-01-03 21:50:00,19,0
2024-01-03 21:55:00,18,0
2024-01-03 22:00:00,17,0
2024-01-03 22:05:00,18,0
2024-01-03 22:10:00,15,0
2024-01-03 22:15:00,16,0
2024-01-03 22:20:00,15,0
2024-01-03 22:25:00,15,0
2024-01-03 22:30:00,15,0
2024-01-03 22:35:00,16,0
2024-01-03 22:40:00,13,0
2024-01-03 22:45:00,12,0
2024-01-03 22:50:00,11,0
2024-01-03 22:55:00,11,0
2024-01-03 23:00:00,10,0
2024-01-03 23:05:00,12,0
2024-01-03 23:10:00,11,0
2024-01-03 23:15:00,9,0
2024-01-03 23:20:00,8,0
2024-01-03 23:25:00,9,0
2024-01-03 23:30:00,7,0
2024-01-03 23:35:00,8,0
2024-01-03 23:40:00,7,0
2024-01-03 23:45:00,5,0
2024-01-03 23:50:00,7,0
2024-01-03 23:55:00,7,0
